labeler_id,severity_diffs
6,2.48
7,-0.36
11,-0.7099999999999997
12,0.58
19,1.07
20,-3.2899999999999996
22,-2.36
23,1.6300000000000001
25,-2.2
27,1.54
31,1.73
36,0.72
37,4.109999999999999
44,1.7599999999999998
49,3.42
52,-2.8000000000000003
53,2.46
56,3.3000000000000003
58,-0.6399999999999999
61,-1.59
69,-4.84
71,3.45
72,0.38
79,-1.75
80,-0.19999999999999996
84,2.11
85,-1.17
88,-0.7499999999999999
93,-1.6099999999999999
99,2.59
101,2.69
103,-1.37
106,-4.79
108,-2.3600000000000003
109,1.21
110,1.5699999999999998
112,2.93
116,-0.37
117,0.32999999999999996
118,-3.36
124,1.13
128,-1.51
129,2.81
133,0.41
135,1.18
140,-0.24000000000000002
141,-0.61
142,0.56
143,0.21000000000000002
144,-0.6199999999999999
145,-0.63
150,-0.30000000000000004
152,1.7999999999999998
153,1.01
156,-1.4100000000000001
157,2.32
160,0.13
161,-1.25
163,-5.65
173,-0.9500000000000001
177,-0.10999999999999999
180,3.33
181,-0.19999999999999996
183,0.5800000000000001
184,-3.58
192,1.95
197,-1.7200000000000002
199,-1.1
207,1.0999999999999999
209,2.79
212,1.71
214,-1.7600000000000002
222,-0.6900000000000001
227,-0.52
229,1.01
232,0.35000000000000003
234,-1.37
242,1.0599999999999998
243,1.7999999999999998
248,-1.71
250,-1.04
254,-1.2000000000000002
258,-0.8300000000000001
259,-1.72
260,-3.7699999999999996
262,0.5299999999999999
264,-4.3
266,-0.11999999999999988
267,1.2199999999999998
269,1.3499999999999999
274,-1.5499999999999998
275,0.7100000000000001
277,0.29999999999999993
279,1.5
281,-0.94
283,-0.6400000000000001
288,0.12999999999999998
296,1.1099999999999999
299,2.88
300,-1.49
302,0.16999999999999993
304,-2.27
307,0.39
309,2.83
315,-0.8
317,-3.2600000000000002
318,-1.0499999999999998
320,2.01
321,0.42000000000000015
323,-1.1600000000000001
325,-1.77
327,1.38
328,-0.46
329,3.0300000000000002
332,-5.25
339,1.73
340,-1.03
347,-0.020000000000000018
348,-1.0199999999999998
351,-0.52
353,0.9299999999999999
356,0.86
362,-0.24
364,0.10999999999999999
369,-0.45999999999999996
371,-3.23
377,-0.21000000000000008
380,-1.0799999999999998
381,4.05
384,-1.0699999999999998
385,-0.81
387,0.9100000000000001
390,-1.72
394,-2.02
395,0.21
400,0.060000000000000005
403,1.25
404,1.99
406,-1.5
408,-0.47
413,2.81
417,-2.7199999999999998
418,-4.38
419,-1.27
421,1.72
422,2.45
424,3.3200000000000003
429,0.27
433,-2.86
435,-2.26
437,-1.25
439,-1.36
444,-0.8999999999999999
447,0.99
452,3.96
453,1.37
456,2.7300000000000004
457,0.4099999999999999
458,1.28
459,-1.7999999999999998
463,2.03
470,-1.68
472,0.28
478,3.29
479,1.77
481,1.0100000000000002
488,-2.83
491,0.49000000000000005
492,-0.11999999999999988
493,0.22000000000000008
494,2.03
495,-0.05
499,6.78
502,-1.98
504,-0.29000000000000015
505,-0.47
506,2.1799999999999997
509,-0.91
513,-1.42
514,0.09000000000000002
518,2.63
520,0.54
524,-4.04
525,-2.59
526,1.38
531,-2.31
534,-1.03
538,-0.6499999999999999
541,1.17
545,-0.3799999999999999
553,-1.8599999999999999
557,1.65
560,-2.66
563,1.57
566,-0.20999999999999996
568,-1.11
571,0.39999999999999997
572,-1.37
573,1.5799999999999998
574,0.10999999999999999
575,-2.9899999999999998
576,1.2600000000000002
580,8.61
581,0.9400000000000001
583,-1.85
589,1.1500000000000001
594,-6.21
595,1.9300000000000002
600,1.37
602,-0.94
603,-0.7
605,-0.03999999999999998
607,1.81
610,4.699999999999999
611,0.26
613,0.2699999999999999
614,-1.2399999999999998
615,-2.8600000000000003
620,1.1600000000000001
621,0.45
625,-0.6
626,-2.92
627,1.08
630,-2.54
633,-0.6799999999999999
637,0.79
639,-0.26
640,-0.14
641,-5.83
644,-1.68
646,-0.55
648,-0.74
655,-0.5900000000000001
657,-0.15999999999999992
661,0.050000000000000044
662,-1.18
667,-0.9500000000000001
670,0.78
671,1.21
674,0.99
677,-0.47
679,-0.7899999999999999
684,1.24
685,-0.63
686,0.6599999999999997
691,4.13
693,-0.9400000000000001
698,-0.63
706,-2.61
707,-0.10999999999999999
710,-2.22
712,2.3600000000000003
713,2.4699999999999998
715,0.36
718,0.84
719,-2.12
721,-1.2
722,-3.77
724,0.020000000000000018
725,0.14
727,-0.58
731,0.06
736,-0.85
739,-2.27
740,-1.75
741,0.30000000000000004
742,-0.42000000000000004
743,0.1499999999999999
749,-1.4100000000000001
755,-1.05
756,-1.15
757,1.86
761,-3.31
762,-0.3900000000000001
764,0.69
768,1.3599999999999999
769,1.35
770,1.27
771,-0.2
772,0.47000000000000003
773,0.06
774,-0.56
776,-0.1299999999999999
778,-0.35
781,-1.33
782,-0.8399999999999999
789,2.79
790,0.46
792,3.0
793,0.15999999999999992
796,-0.24
798,-2.6799999999999997
799,0.039999999999999925
802,2.26
805,-0.29000000000000015
807,-1.14
809,0.92
811,1.3099999999999998
813,-4.65
814,2.8
815,-2.3
816,2.55
817,-0.9500000000000001
818,-1.2799999999999998
821,0.12
822,0.39999999999999997
824,-3.9400000000000004
826,-1.69
830,-1.31
831,-1.1
833,-0.33999999999999997
834,-0.46
835,0.13
836,-0.35
840,0.21999999999999997
841,-0.47
843,0.26
846,-1.8
853,-0.88
855,-1.8699999999999999
857,-0.69
858,-0.7
859,0.75
862,1.23
863,-0.7999999999999999
864,-0.8800000000000001
865,-0.07000000000000006
871,-0.29000000000000004
877,0.19
878,2.19
880,-2.97
881,3.34
882,-1.8199999999999998
883,-1.04
884,-1.24
886,-0.99
888,-0.6000000000000001
892,0.2899999999999999
899,-1.7
903,-2.84
907,1.49
909,1.85
910,-0.21999999999999997
911,0.13
912,1.1300000000000001
913,2.77
916,3.2199999999999998
918,-1.17
922,2.61
926,0.25
930,0.06
931,0.6100000000000001
933,-2.5
937,-1.5499999999999998
941,5.66
943,-0.78
945,0.69
948,-3.9000000000000004
952,0.48999999999999977
957,-0.45999999999999996
958,0.6399999999999999
959,-2.58
962,1.4100000000000001
964,1.35
965,-0.12000000000000005
966,0.15
969,0.7799999999999999
972,-0.62
976,-0.08
977,0.79
981,-1.09
985,1.15
988,1.11
989,-0.88
992,-1.33
993,0.6499999999999999
995,-2.59
996,0.74
997,-1.52
998,2.4699999999999998
1004,-0.33999999999999986
1007,1.4
1008,-0.6499999999999999
1012,-2.51
1013,-1.6600000000000001
1014,-5.37
1019,3.9799999999999995
1028,-3.29
1037,-0.5499999999999999
1038,-0.9600000000000001
1041,-5.459999999999999
1043,2.33
1046,1.4700000000000002
1049,-0.34
1051,1.38
1055,0.74
1057,0.24
1063,-0.75
1065,2.54
1070,2.41
1071,-1.5899999999999999
1082,1.31
1084,0.78
1088,1.35
1092,-3.5300000000000002
1094,-1.66
1098,1.44
1101,-0.8200000000000001
1103,-0.18999999999999995
1105,1.3099999999999998
1109,2.1799999999999997
1114,1.3599999999999999
1115,-1.22
1116,1.35
1117,-2.39
1123,0.040000000000000036
1124,4.51
1127,1.8599999999999999
1128,-0.85
1129,-3.0300000000000002
1132,-0.40000000000000013
1135,1.11
1137,-0.09000000000000001
1138,-1.16
1139,0.75
1140,-4.619999999999999
1143,4.819999999999999
1147,-1.07
1148,0.35000000000000003
1150,-0.8
1153,-0.8900000000000001
1154,-2.62
1159,-0.08000000000000002
1160,-1.06
1162,-1.2
1163,1.02
1165,2.32
1166,-4.18
1168,-2.5
1169,1.05
1170,-0.1100000000000001
1171,-2.26
1172,-0.47000000000000003
1173,-1.67
1175,-4.15
1176,7.62
1180,-0.7200000000000001
1183,1.59
1188,-3.49
1195,4.61
1196,0.99
1198,-1.42
1199,1.24
1201,3.5700000000000003
1202,-0.48
1203,3.2299999999999995
1205,-0.8099999999999999
1208,-1.0899999999999999
1209,0.93
1212,1.18
1218,-1.4
1222,0.4500000000000002
1226,-0.16
1228,1.54
1234,-0.87
1236,0.47
1237,0.9100000000000001
1239,0.9199999999999999
1240,1.0100000000000002
1241,2.95
1243,-0.78
1250,0.55
1251,-0.5900000000000001
1252,0.6599999999999997
1253,0.41000000000000003
1254,1.2199999999999998
1255,-0.28
1256,-2.7899999999999996
1257,0.64
1259,-3.81
1260,1.09
1264,0.19
1266,-0.68
1271,1.6399999999999997
1276,3.4000000000000004
1278,1.8599999999999999
1279,1.07
1281,0.0
1282,0.19000000000000006
1283,-0.5900000000000001
1287,-2.09
1290,0.21999999999999997
1292,-1.72
1300,0.3400000000000001
1309,-0.25999999999999995
1313,-1.0699999999999998
1317,-4.9
1318,-0.29999999999999993
1320,0.51
1321,-1.73
1323,1.52
1329,1.28
1330,2.78
1332,0.35
1333,0.87
1336,-0.8699999999999999
1344,0.15999999999999992
1348,-1.87
1353,0.04999999999999982
1357,-0.9
1359,0.43
1364,-3.1999999999999997
1365,2.8099999999999996
1367,-1.57
1368,-0.5099999999999999
1371,0.98
1381,-0.7699999999999999
1383,-1.26
1387,0.49
1388,-0.77
1398,1.98
1402,0.3
1410,0.6699999999999999
1411,-0.89
1421,0.38999999999999996
1425,0.7599999999999999
1427,1.56
1428,-2.77
1430,0.25999999999999995
1436,1.83
1437,-1.2
1443,1.2499999999999998
1444,2.04
1449,-3.0500000000000003
1450,1.17
1454,-1.31
1456,0.8099999999999999
1463,-3.42
1469,2.98
1472,2.44
1473,-0.45999999999999996
1478,-1.4000000000000001
1483,3.8200000000000003
1485,-1.11
1489,2.31
1491,0.73
1493,1.2500000000000002
1496,-1.81
1498,0.41000000000000014
1501,-2.16
1502,-0.53
1504,-0.20999999999999996
1505,-0.6100000000000001
1508,0.43000000000000005
1514,-1.8399999999999999
1515,3.4699999999999998
1516,-4.5
1517,-3.8500000000000005
1518,1.3599999999999999
1519,0.51
1524,3.0700000000000003
1525,-2.66
1528,0.030000000000000027
1529,-0.34
1532,-2.1100000000000003
1534,1.44
1535,-1.32
1536,-2.6300000000000003
1539,4.67
1541,0.41000000000000003
1542,-0.49
1543,1.48
1545,0.020000000000000018
1547,-4.32
1551,0.9299999999999999
1554,-0.6499999999999999
1557,-0.96
1567,-1.59
1569,0.16
1584,0.96
1586,-1.83
1588,-0.04
1595,-2.04
1596,0.97
1598,0.3
1602,0.52
1603,1.92
1608,-0.030000000000000027
1609,-0.9299999999999999
1611,-2.57
1613,-1.56
1615,0.040000000000000036
1619,3.59
1625,0.0
1626,1.45
1627,-2.06
1628,0.55
1629,-5.47
1630,-1.0
1631,1.42
1635,-1.91
1638,0.72
1639,1.59
1640,-0.19000000000000003
1648,2.22
1650,0.6500000000000001
1651,1.7200000000000002
1652,0.85
1655,0.05999999999999994
1656,0.020000000000000018
1657,-3.64
1659,-1.26
1660,1.42
1661,0.33999999999999997
1663,-0.8
1668,-0.97
1669,-0.08000000000000007
1670,1.4500000000000002
1672,-2.32
1679,-3.4000000000000004
1680,0.15000000000000002
1681,0.10000000000000009
1683,0.010000000000000009
1684,0.7099999999999997
1687,-1.95
1693,-0.42000000000000004
1695,-1.1
1696,-0.9400000000000001
1698,0.8
1700,-2.23
1701,1.3699999999999997
1704,-3.82
1707,0.8
1708,1.3
1711,-0.29000000000000004
1712,-1.53
1716,0.44000000000000006
1717,-0.9400000000000001
1721,-1.25
1724,1.62
1725,0.26000000000000023
1727,-0.7399999999999998
1728,-1.5500000000000003
1732,0.7400000000000001
1735,2.5500000000000003
1741,-1.52
1743,-2.39
1747,0.24
1748,-0.8699999999999999
1751,-4.8
1753,-4.18
1755,1.22
1758,1.61
1760,2.07
1761,3.6700000000000004
1763,0.12
1764,-0.58
1767,0.12
1768,-1.79
1769,-1.26
1772,0.99
1773,-1.92
1774,3.04
1776,1.3200000000000003
1777,2.5
1783,-1.51
1784,0.19000000000000006
1798,0.009999999999999787
1800,-0.8
1803,1.0
1809,0.010000000000000009
1810,4.58
1820,-0.28
1826,0.31
1834,1.13
1836,3.96
1837,-2.3899999999999997
1838,1.28
1839,-2.52
1848,0.55
1852,-0.04999999999999982
1854,2.4699999999999998
1856,-6.25
1865,-1.59
1867,4.12
1868,-1.35
1872,1.3199999999999998
1876,5.359999999999999
1879,3.1
1880,-2.42
1881,2.95
1882,-1.32
1883,-1.25
1886,1.26
1887,-1.9500000000000002
1890,-2.03
1892,0.67
1894,2.66
1897,0.98
1899,1.6199999999999999
1903,1.29
1907,-0.37
1911,-1.19
1915,0.49
1919,-1.13
1925,1.19
1926,-1.04
1927,1.9100000000000001
1928,1.18
1930,1.2
1932,0.3
1935,0.8600000000000001
1938,0.010000000000000009
1941,-0.010000000000000009
1944,-0.03999999999999998
1948,-1.09
1951,-0.51
1954,0.08000000000000002
1957,-0.30000000000000004
1962,-1.7600000000000002
1965,1.37
1967,-0.41000000000000003
1969,1.1700000000000002
1970,-0.3
1971,-1.83
1973,-0.15999999999999992
1974,1.5799999999999998
1975,-0.6299999999999999
1977,-2.63
1980,-2.11
1981,1.03
1982,-0.35
1984,0.15
1987,3.3000000000000003
1991,-0.8300000000000001
1993,-1.33
1994,-0.5300000000000001
1996,2.07
1998,-0.6300000000000001
2003,1.45
2006,1.6099999999999999
2007,-1.29
2011,0.4700000000000002
2013,0.9
2015,0.95
2018,-0.8099999999999999
2019,0.39
2022,0.22
2025,1.71
2027,-1.67
2028,1.8699999999999999
2030,-0.71
2033,-2.96
2036,1.41
2037,-1.4600000000000002
2039,-4.19
2041,0.16000000000000003
2045,-0.21000000000000002
2047,-1.1800000000000002
2054,-0.42000000000000004
2062,-2.1999999999999997
2063,-0.27
2064,1.4100000000000001
2065,0.44999999999999984
2066,0.8300000000000001
2068,-1.18
2070,-0.44000000000000006
2071,-1.19
2072,-2.0300000000000002
2073,0.18999999999999995
2078,1.1199999999999999
2082,-3.03
2083,-1.33
2084,0.010000000000000009
2086,-4.23
2087,-1.81
2088,-1.75
2089,0.12
2091,-2.83
2095,-0.06000000000000005
2097,3.29
2098,-2.44
2099,0.30000000000000004
2103,-1.1
2106,-0.13
2112,1.81
2115,1.62
2119,-1.5
2120,0.6600000000000001
2122,-1.24
2124,1.6700000000000002
2125,-4.1
2127,1.08
2128,1.4599999999999997
2131,-1.98
2133,-1.54
2134,-0.13000000000000012
2137,-1.6600000000000001
2138,0.1499999999999999
2139,0.15000000000000013
2140,1.6700000000000002
2142,-0.66
2145,-2.26
2146,-0.44000000000000006
2148,-5.5200000000000005
2149,-2.4400000000000004
2152,-1.8099999999999998
2153,-0.98
2154,0.29
2156,1.2
2158,3.19
2161,1.26
2167,0.6299999999999999
2168,1.92
2170,-0.8599999999999999
2171,0.41999999999999993
2175,-1.3299999999999998
2178,-0.07
2190,-4.39
2192,1.9500000000000002
2194,-1.0400000000000003
2195,-0.24
2198,-3.19
2200,0.26
2202,-2.23
2205,1.8800000000000001
2212,0.020000000000000018
2213,-1.8399999999999999
2219,0.68
2220,-0.74
2221,-1.5500000000000003
2225,-3.96
2227,0.8700000000000001
2235,0.43
2241,1.71
2242,0.29000000000000004
2244,0.06999999999999995
2249,-1.02
2251,0.42000000000000015
2255,-0.9299999999999999
2259,0.9400000000000001
2261,1.97
2263,0.9
2264,0.18
2265,0.0
2266,-0.52
2267,0.52
2269,-1.7
2272,-4.25
2275,-1.51
2277,-0.95
2279,-0.68
2281,-0.08999999999999986
2283,0.72
2285,-1.57
2290,1.04
2291,1.8599999999999999
2295,-2.08
2296,-1.01
2298,1.17
2300,0.08999999999999997
2301,-0.35
2302,1.27
2304,-0.6199999999999999
2305,3.91
2306,2.33
2314,1.56
2317,-2.45
2318,0.66
2322,-0.14
2327,-0.020000000000000018
2330,0.5700000000000001
2333,2.17
2336,1.0999999999999999
2342,1.77
2343,4.35
2350,-0.15
2351,1.72
2355,-0.73
2356,-3.9
2357,-1.79
2359,-0.08000000000000007
2362,-1.21
2363,1.9699999999999998
2364,-2.24
2365,1.48
2381,-0.1100000000000001
2382,-2.95
2383,-1.3199999999999998
2384,1.18
2385,1.9700000000000002
2386,-1.4300000000000002
2394,0.26
2395,0.74
2396,1.84
2398,0.029999999999999916
2402,0.68
2403,1.6099999999999999
2410,-0.61
2416,1.73
2417,1.8599999999999999
2420,-2.66
2421,4.34
2429,-0.85
2431,-0.9600000000000001
2432,-1.7100000000000002
2436,-1.72
2438,0.9099999999999999
2439,-3.29
2451,1.6300000000000001
2452,1.18
2456,0.16999999999999998
2457,2.17
2460,-3.8000000000000003
2467,-0.8699999999999999
2469,0.96
2476,0.39999999999999997
2478,-1.29
2480,-1.81
2485,6.760000000000001
2486,1.49
2488,-1.11
2490,-0.79
2492,0.03999999999999998
2493,0.10000000000000003
2494,-0.9299999999999999
2495,-0.76
2496,-2.0300000000000002
2497,0.28
2501,1.3900000000000001
2502,0.7899999999999999
2506,3.29
2512,-2.03
2513,2.47
2514,-1.65
2518,-2.59
2519,0.9600000000000001
2521,1.91
2522,6.720000000000001
2524,0.61
2526,1.69
2528,1.15
2529,1.02
2532,-1.22
2535,0.37999999999999995
2538,-2.37
2540,-0.7
2548,0.61
2551,-3.2700000000000005
2553,-0.48000000000000004
2555,-0.9299999999999999
2557,-1.21
2560,0.5599999999999998
2564,-0.01
2565,1.6300000000000001
2566,-0.5800000000000001
2569,0.78
2574,-0.7500000000000001
2575,0.92
2578,-1.6
2580,0.07000000000000006
2582,2.34
2584,0.039999999999999813
2585,-0.3
2586,-1.42
2587,-0.76
2588,4.28
2590,0.8699999999999999
2591,-1.51
2592,0.72
2594,0.6699999999999999
2596,1.17
2597,0.33
2600,-1.1300000000000001
2603,0.1299999999999999
2610,0.89
2613,0.49999999999999994
2614,-2.63
2618,-0.21
2620,-5.029999999999999
2624,4.09
2626,-0.13
2628,0.35
2632,1.5499999999999998
2635,2.1100000000000003
2641,0.04999999999999993
2648,-0.75
2652,-1.4999999999999998
2654,1.54
2655,-5.73
2657,-0.8300000000000001
2659,-4.8100000000000005
2660,-1.63
2665,1.38
2669,-1.17
2670,0.25
2671,0.38
2673,0.5599999999999999
2676,1.2400000000000002
2677,0.38
2681,-0.73
2683,0.21999999999999997
2684,3.11
2689,2.15
2691,-0.5700000000000001
2693,-1.6
2694,-1.09
2699,1.15
2702,-0.40000000000000013
2708,-4.37
2709,-0.14
2710,0.78
2715,2.73
2720,-0.050000000000000044
2722,-0.21999999999999997
2723,-0.83
2724,0.8
2728,-2.19
2742,-1.4
2748,1.1400000000000001
2749,0.22999999999999998
2757,2.71
2759,0.71
2760,0.8999999999999999
2769,-1.56
2770,0.20999999999999996
2773,0.31
2780,-1.06
2781,0.41999999999999993
2783,-1.27
2785,1.5899999999999999
2786,-1.35
2787,-1.8199999999999998
2788,0.8300000000000001
2792,-0.3400000000000001
2794,0.55
2797,0.18999999999999995
2798,-1.0799999999999998
2801,-3.27
2802,0.15000000000000002
2805,-0.26
2806,-3.47
2811,1.42
2814,0.29
2820,1.15
2822,4.88
2824,3.08
2825,-2.94
2828,1.93
2831,1.13
2835,-0.4
2837,-1.55
2838,0.9400000000000001
2839,1.0
2847,-0.7000000000000001
2852,1.4500000000000002
2853,-1.16
2855,-0.8600000000000001
2859,0.03999999999999998
2860,-1.42
2861,0.9700000000000001
2865,-0.41000000000000003
2867,0.26
2873,2.5700000000000003
2874,0.91
2883,2.29
2884,-0.67
2887,0.34999999999999987
2888,-2.9299999999999997
2890,-3.17
2893,-5.84
2897,-0.1200000000000001
2899,-3.17
2900,-1.5
2904,-5.01
2905,-0.7199999999999999
2913,1.01
2914,-0.12
2915,1.96
2916,2.5300000000000002
2918,1.2399999999999998
2921,0.26
2924,-0.6200000000000001
2927,-0.67
2928,0.22999999999999998
2931,-1.3199999999999998
2933,-0.010000000000000009
2934,1.2
2935,1.94
2937,-1.25
2938,-0.5800000000000001
2941,1.5
2942,-0.16999999999999993
2945,-1.45
2946,1.73
2950,-0.79
2952,0.8
2953,-0.03999999999999998
2955,1.96
2959,1.25
2961,-4.09
2963,-1.8900000000000001
2965,-0.62
2966,2.5
2972,0.27
2973,-0.6699999999999999
2974,-0.4700000000000002
2977,-1.6
2979,0.47000000000000003
2980,-0.86
2981,0.32000000000000006
2983,0.12
2984,-0.33999999999999997
2985,-1.48
2988,-0.9299999999999999
2989,1.3599999999999999
2990,-1.16
2991,1.1899999999999997
2994,-3.2
2996,2.74
2997,0.95
3000,0.6699999999999999
3001,-1.0699999999999998
3002,2.24
3005,1.6
3009,3.15
3011,1.5999999999999999
3012,1.6
3013,2.17
3015,-0.32999999999999985
3016,-0.34
3019,0.3799999999999999
3020,0.43
3021,-0.49000000000000005
3022,-0.3600000000000001
3024,0.5300000000000002
3027,-1.28
3030,-1.7600000000000002
3033,-0.74
3035,-2.6999999999999997
3038,0.6599999999999999
3040,-0.22
3044,-5.489999999999999
3046,-2.23
3047,2.8200000000000003
3050,-0.9
3053,-1.52
3058,-1.7699999999999998
3059,-1.17
3062,-1.2199999999999998
3064,-0.06
3066,2.61
3071,1.4
3073,-2.03
3075,0.8400000000000001
3076,-3.02
3082,0.4
3083,1.6800000000000002
3084,2.92
3096,-0.8999999999999999
3097,0.15000000000000002
3100,1.67
3101,0.98
3106,-2.73
3109,-1.25
3112,-2.0
3114,-0.64
3115,-3.81
3118,-1.44
3119,-6.17
3120,-0.37
3124,0.76
3125,1.25
3126,-0.33
3130,-4.93
3134,-0.64
3137,-1.81
3144,0.19999999999999996
3145,-1.04
3146,0.16000000000000003
3148,1.2100000000000002
3149,2.0900000000000003
3151,-0.2999999999999998
3153,0.77
3155,1.5599999999999998
3160,-1.25
3161,-1.52
3165,-1.1300000000000001
3169,0.16999999999999993
3171,0.98
3172,0.2899999999999999
3174,1.8399999999999999
3175,-0.72
3178,0.5
3179,-1.54
3181,2.3
3184,0.26
3187,-0.62
3188,3.48
3190,-0.4
3191,-0.10999999999999999
3192,-1.8
3196,2.1
3198,-0.33000000000000007
3200,-2.13
3201,1.65
3202,2.27
3208,0.7899999999999999
3209,2.88
3210,1.4899999999999998
3212,-0.020000000000000018
3215,1.44
3219,-3.36
3225,1.5799999999999998
3227,-0.04
3230,-2.42
3233,-0.29000000000000004
3236,-0.7899999999999999
3241,-0.13
3245,2.33
3249,-3.37
3250,-2.07
3252,3.74
3253,-1.47
3258,0.3
3260,0.27
3264,-0.44999999999999996
3265,-1.12
3267,-0.5499999999999999
3273,-1.52
3274,-1.6500000000000001
3275,5.33
3280,0.8200000000000001
3281,0.53
3282,-2.38
3283,-0.32999999999999996
3286,-2.4
3293,-1.54
3295,1.11
3298,-2.48
3314,0.28
3315,1.32
3317,-2.58
3318,-0.73
3322,-3.02
3327,1.56
3329,0.32000000000000006
3330,0.12000000000000001
3331,-0.38
3334,6.8
3336,0.54
3338,-2.11
3341,0.49
3344,0.6400000000000001
3351,1.89
3357,1.82
3358,2.96
3363,-0.18999999999999995
3366,0.66
3368,0.73
3370,-5.02
3371,-2.7399999999999998
3372,-1.22
3377,3.49
3380,1.44
3383,0.54
3384,-2.62
3385,0.6599999999999997
3388,-0.79
3389,-0.78
3393,-0.8499999999999999
3394,-2.19
3395,0.019999999999999907
3396,1.2999999999999998
3401,0.6299999999999999
3402,0.34
3403,-1.4200000000000002
3406,1.07
3411,0.030000000000000027
3415,0.5499999999999999
3419,0.77
3425,3.42
3431,0.8300000000000001
3434,-1.02
3442,0.2700000000000001
3445,-0.37
3447,-2.17
3448,1.4
3449,2.53
3451,-2.05
3456,2.38
3457,2.82
3458,1.56
3459,1.69
3461,-1.28
3462,0.32999999999999996
3463,-0.9400000000000002
3464,2.06
3465,-3.15
3467,0.8500000000000001
3468,-0.9500000000000001
3469,-0.5499999999999998
3471,-1.05
3473,4.4
3478,0.21000000000000002
3480,-1.66
3482,-0.25
3483,2.29
3484,-1.46
3485,-0.06
3486,-1.1600000000000001
3492,0.6499999999999999
3496,-0.93
3498,1.2099999999999997
3500,0.64
3504,0.8900000000000001
3515,-1.56
3519,-3.08
3523,-0.14
3524,2.0300000000000002
3526,0.38
3527,0.5100000000000001
3531,1.55
3534,-1.42
3540,2.0999999999999996
3543,-2.02
3545,3.42
3546,-0.49
3551,-2.62
3553,-0.99
3556,1.7200000000000002
3558,-6.2
3560,-0.6499999999999999
3563,2.2
3571,-0.8200000000000001
3573,1.05
3574,-0.13
3578,0.83
3579,1.03
3581,-2.6
3585,1.44
3586,-0.75
3591,2.08
3594,-2.55
3595,-0.69
3596,-0.10999999999999999
3601,1.19
3604,-2.62
3609,0.66
3611,-0.12000000000000001
3613,-0.6799999999999999
3615,-0.8799999999999999
3617,-3.6
3618,-1.57
3624,1.1500000000000001
3625,4.88
3627,1.17
3631,2.64
3632,4.3
3635,-2.5599999999999996
3637,-2.1399999999999997
3640,1.2600000000000002
3641,1.61
3642,0.68
3644,0.04999999999999982
3645,0.29000000000000004
3648,1.69
3652,0.25
3659,-1.0
3660,-3.02
3661,-3.7800000000000002
3665,1.0
3668,-0.29000000000000004
3675,0.8600000000000001
3676,0.16999999999999998
3677,1.25
3679,2.12
3680,0.41000000000000003
3687,2.64
3688,-0.8500000000000001
3691,2.09
3692,0.73
3698,-3.8600000000000003
3700,-0.32000000000000006
3702,0.49
3704,-1.9
3709,-2.5
3712,-0.30999999999999994
3713,-4.56
3715,1.47
3716,-0.040000000000000036
3721,1.22
3722,-3.16
3724,2.14
3725,0.050000000000000044
3726,0.30999999999999994
3730,-2.87
3731,-0.39999999999999997
3732,-0.66
3736,0.8600000000000001
3737,-0.72
3738,-1.4300000000000002
3739,4.59
3740,3.09
3749,0.6099999999999999
3750,1.82
3761,-0.37
3762,-0.05999999999999994
3763,0.47999999999999987
3764,1.7100000000000002
3766,4.0600000000000005
3768,-0.16999999999999993
3769,3.6799999999999997
3770,-3.59
3778,0.039999999999999925
3782,-1.78
3783,1.2400000000000002
3784,0.6599999999999999
3785,-1.06
3791,-1.79
3794,-0.6699999999999999
3795,-1.63
3800,1.46
3801,3.3000000000000003
3802,-2.23
3804,-0.10999999999999999
3806,0.6000000000000001
3807,2.4699999999999998
3808,-0.79
3810,1.7999999999999998
3811,4.25
3812,-1.57
3815,0.29000000000000026
3821,1.05
3823,0.030000000000000013
3827,1.35
3832,1.4900000000000002
3834,1.3699999999999999
3836,0.050000000000000044
3837,0.6499999999999999
3843,-3.54
3845,-7.12
3846,-0.04999999999999982
3847,1.9500000000000002
3850,2.57
3853,-1.56
3854,-1.6600000000000001
3855,-0.79
3856,-1.9500000000000002
3857,-1.07
3860,-1.26
3864,0.7
3872,0.42
3875,-1.19
3876,-2.93
3880,2.67
3886,-0.31
3887,1.58
3897,-0.8999999999999999
3900,-0.7000000000000002
3902,-1.7
3905,1.04
3906,-1.05
3908,-0.08999999999999997
3911,-1.87
3914,0.7300000000000001
3917,-4.42
3921,-1.43
3922,0.2699999999999998
3926,2.69
3928,-0.5699999999999998
3939,-1.6800000000000002
3940,1.0699999999999998
3941,0.24
3943,0.81
3946,0.49
3947,1.71
3948,-1.7
3949,1.4
3950,2.61
3956,-2.41
3961,-2.56
3968,-0.72
3969,-0.59
3971,-0.09999999999999998
3973,-0.46
3974,-1.9100000000000001
3978,-0.9400000000000002
3979,0.6100000000000001
3984,-0.7199999999999999
3985,0.31000000000000005
3987,2.2
3989,1.5200000000000002
3990,-1.1099999999999999
3993,-0.59
3994,-4.29
3995,0.9199999999999999
3999,0.29999999999999993
4000,1.3
4002,2.58
4006,-1.27
4007,-1.8199999999999998
4008,-0.59
4009,2.94
4010,-0.7
4016,-1.8399999999999999
4017,3.45
4019,0.22
4026,-0.23
4028,-1.0899999999999999
4029,-0.24000000000000002
4035,-2.48
4038,0.16000000000000014
4042,0.6799999999999999
4046,0.38999999999999996
4055,-0.8
4056,-0.31000000000000005
4062,0.36999999999999994
4064,-0.21999999999999997
4070,-2.01
4071,-2.0300000000000002
4074,0.8500000000000001
4077,-4.03
4080,0.30000000000000004
4086,3.02
4090,1.03
4092,0.050000000000000044
4103,-0.98
4105,1.16
4110,-1.8599999999999999
4112,-0.25
4113,-0.27
4127,-1.2
4129,1.37
4134,1.01
4135,1.08
4136,0.020000000000000018
4144,0.83
4148,2.26
4150,-1.99
4155,-0.5
4157,-0.06
4159,-2.12
4160,-0.010000000000000009
4162,-2.5100000000000002
4165,-0.04999999999999999
4166,-1.65
4167,2.9899999999999998
4177,1.3599999999999999
4180,0.56
4184,-2.02
4190,-0.78
4194,-0.5699999999999998
4204,1.76
4205,-0.48000000000000004
4207,-1.4999999999999998
4209,0.16000000000000003
4210,-1.26
4214,0.51
4216,-0.3700000000000001
4223,0.9300000000000002
4225,1.12
4226,3.21
4228,-2.13
4230,1.02
4232,0.64
4234,-3.58
4236,-2.72
4237,-2.58
4238,-0.27
4242,-1.21
4243,2.2
4253,0.13
4254,-0.18
4255,1.5
4259,1.56
4261,1.1
4267,-1.0399999999999998
4269,-0.5499999999999999
4271,2.33
4274,-0.38
4278,-3.8000000000000003
4279,-1.9800000000000002
4280,1.31
4281,-0.9299999999999999
4282,1.17
4285,-1.8499999999999999
4293,3.7199999999999998
4296,-2.98
4300,-1.03
4302,1.65
4303,0.36
4307,1.1700000000000002
4308,-0.20000000000000007
4313,0.65
4314,1.22
4315,-3.89
4316,-0.5399999999999999
4320,-0.56
4325,-0.74
4326,-8.219999999999999
4331,-2.2199999999999998
4333,0.13
4344,2.31
4347,-1.04
4348,1.9
4350,-2.4699999999999998
4351,5.0200000000000005
4354,-1.53
4355,-4.75
4357,2.0100000000000002
4358,0.4900000000000001
4359,0.44000000000000006
4360,-0.36999999999999994
4361,-2.75
4363,-0.82
4367,-1.41
4371,-5.359999999999999
4372,-1.38
4373,-0.46
4374,-0.06
4378,2.11
4380,3.7199999999999998
4382,0.51
4383,-4.89
4388,-0.16999999999999998
4390,-0.51
4391,1.6099999999999999
4395,-4.5
4398,-6.24
4402,1.06
4403,1.1300000000000001
4413,1.5
4414,-0.41999999999999993
4415,0.25999999999999995
4416,-2.0199999999999996
4417,1.21
4418,-1.4900000000000002
4423,0.05999999999999997
4424,-0.26
4431,-0.019999999999999907
4433,-1.75
4434,0.6600000000000001
4436,-1.19
4441,3.95
4448,-2.03
4449,0.27999999999999997
4457,1.3
4458,2.63
4462,-0.49
4466,0.63
4469,-0.77
4471,-1.1500000000000001
4472,-0.27
4475,0.63
4477,-2.55
4478,0.53
4484,0.49
4485,1.04
4488,0.8599999999999999
4489,0.16000000000000003
4492,1.18
4495,1.3199999999999998
4500,-0.17999999999999994
4501,0.19000000000000017
4502,3.36
4503,-0.07000000000000006
4504,-2.66
4507,-0.8
4510,1.1099999999999999
4511,-0.6
4512,1.69
4520,2.34
4521,-0.62
4522,-1.25
4524,-0.97
4525,-1.0999999999999999
4529,-1.7399999999999998
4530,6.15
4532,-0.020000000000000018
4533,-1.94
4535,1.58
4537,-1.25
4540,1.58
4541,1.48
4543,0.09999999999999998
4544,-0.89
4547,-0.32000000000000006
4548,-1.5
4553,1.46
4555,-1.88
4556,-2.31
4558,-0.30000000000000004
4561,1.03
4566,1.9899999999999998
4567,-2.8
4568,-0.23000000000000004
4571,0.16
4573,1.23
4575,0.06999999999999995
4576,-0.2
4577,-1.4
4580,-0.31000000000000005
4581,0.67
4583,1.07
4584,3.33
4585,0.74
4586,-3.79
4587,-0.1100000000000001
4593,-3.8899999999999997
4599,3.8500000000000005
4600,1.17
4608,2.75
4611,-0.25
4612,-1.33
4614,1.23
4618,-0.6900000000000001
4621,0.53
4622,1.67
4625,1.51
4627,-1.3800000000000001
4628,1.28
4629,-7.48
4630,2.18
4632,0.10999999999999999
4637,0.28
4638,0.79
4651,-2.1199999999999997
4652,3.16
4654,-1.6
4655,1.21
4656,1.42
4659,-0.06
4660,-0.71
4661,1.7999999999999994
4663,-5.2
4664,-2.44
4665,-2.3099999999999996
4666,-0.3400000000000001
4667,-1.43
4669,-0.23
4675,-0.46
4686,0.29
4688,1.23
4690,-0.5700000000000001
4691,2.21
4696,-2.54
4697,-1.4
4698,-3.9099999999999997
4700,1.7599999999999998
4705,1.02
4706,-0.9400000000000001
4712,-2.73
4717,2.0
4718,-0.6
4719,-1.95
4721,0.2
4724,-0.19000000000000003
4725,1.1
4726,0.7000000000000001
4727,-1.58
4731,-4.96
4736,-2.21
4738,0.6799999999999999
4744,2.49
4745,0.69
4746,-0.48
4753,0.96
4756,0.9300000000000002
4759,0.05
4762,-1.79
4764,-1.63
4772,0.19999999999999996
4774,1.48
4780,0.49
4785,-0.3999999999999999
4786,-0.77
4788,-2.24
4790,0.29000000000000004
4791,0.26
4794,-1.23
4796,3.39
4798,-1.06
4799,3.48
4801,0.9199999999999999
4803,-0.5599999999999996
4806,1.48
4807,-1.2
4808,-5.68
4810,-2.8099999999999996
4817,3.8500000000000005
4823,1.2
4827,4.46
4830,-0.13
4832,-1.4500000000000002
4840,0.82
4842,-0.65
4843,0.6499999999999999
4845,-0.85
4847,-1.5099999999999998
4851,0.67
4852,1.44
4853,-0.6699999999999999
4854,-1.63
4856,-2.8099999999999996
4857,-0.5700000000000001
4858,-4.970000000000001
4862,-1.5
4864,-0.26999999999999996
4866,1.21
4867,0.79
4868,2.02
4872,0.12000000000000005
4874,4.26
4875,-2.7600000000000002
4877,1.3
4882,0.48
4883,-0.8
4884,-0.56
4888,-1.31
4891,0.9500000000000002
4895,-1.7
4896,-0.31000000000000005
4902,-1.1199999999999999
4904,-0.61
4907,-1.54
4916,3.45
4918,-2.4
4919,-1.75
4922,2.56
4923,0.7100000000000001
4925,0.09999999999999987
4926,0.27
4930,-1.6099999999999999
4934,1.67
4939,2.8
4942,0.7
4944,6.63
4945,-0.53
4948,-1.22
4949,-0.33000000000000007
4954,-2.1100000000000003
4955,-3.05
4956,0.31000000000000005
4957,-0.8799999999999999
4961,-2.48
4962,0.5499999999999999
4963,-1.65
4966,-0.8
4968,2.82
4970,1.38
4979,1.5699999999999998
4982,0.82
4983,-1.27
4985,1.26
4988,1.02
4992,-1.05
4994,-1.38
4997,-2.69
4998,1.9200000000000002
5001,0.3799999999999999
5002,-0.8999999999999999
5003,3.04
5005,3.8500000000000005
5009,3.04
5010,-1.0499999999999998
5012,0.050000000000000044
5015,2.04
5016,-0.29000000000000004
5017,0.16
5021,-0.32
5022,-0.10000000000000003
5026,1.56
5027,1.17
5028,0.06999999999999999
5029,-0.9
5033,-0.06999999999999995
5035,-2.75
5036,-0.56
5037,-2.4699999999999998
5040,1.3
5041,0.010000000000000009
5044,-0.6499999999999999
5045,-0.36
5046,0.8699999999999999
5051,1.4
5053,-0.6299999999999999
5056,3.2
5059,1.04
5061,1.2400000000000002
5064,-1.35
5067,2.12
5068,-0.15000000000000002
5069,1.6
5073,-0.6699999999999999
5074,-1.0299999999999998
5078,-4.85
5079,0.45
5083,1.9300000000000002
5084,2.18
5086,0.20999999999999996
5087,-4.300000000000001
5088,-0.030000000000000027
5089,-0.9299999999999999
5095,-2.9699999999999998
5099,1.04
5104,0.76
5106,-0.69
5108,0.47000000000000003
5112,0.1299999999999999
5115,0.53
5118,-0.86
5119,4.5600000000000005
5121,2.05
5122,-3.17
5125,-0.2899999999999999
5127,3.6
5130,-0.32000000000000006
5135,-0.57
5137,2.35
5138,1.17
5140,-1.5499999999999998
5141,-2.8699999999999997
5143,-1.58
5146,-1.05
5147,-1.7799999999999998
5148,-0.56
5154,0.48000000000000004
5157,-0.44
5158,0.81
5162,1.54
5167,-0.55
5170,2.81
5175,0.5599999999999999
5176,-1.5400000000000003
5177,-0.29999999999999993
5178,1.44
5184,0.020000000000000018
5185,0.12000000000000002
5187,-3.91
5189,-0.6599999999999999
5192,1.3299999999999998
5196,-3.41
5197,-0.71
5202,-2.79
5205,-1.3
5206,-1.9899999999999998
5211,1.9
5213,-1.31
5219,0.14
5221,-0.37
5223,1.77
5225,1.59
5227,-0.09000000000000008
5230,-0.8900000000000001
5231,-1.8099999999999998
5232,0.3599999999999999
5235,-0.3800000000000001
5237,-0.04999999999999999
5245,0.15000000000000002
5246,0.15
5247,-2.31
5251,-2.23
5254,-1.4600000000000002
5255,-0.11000000000000001
5260,0.14
5261,-1.4300000000000002
5264,-1.54
5265,-1.85
5266,-1.5099999999999998
5268,-3.9299999999999997
5269,1.02
5273,-0.050000000000000044
5276,0.36
5280,-1.27
5283,-2.54
5285,-0.03
5288,5.34
5289,0.2499999999999999
5290,-1.82
5291,0.8
5293,1.1
5295,-3.49
5297,-2.52
5298,1.43
5299,0.7699999999999998
5302,-0.96
5303,0.5
5310,0.27999999999999997
5318,-3.42
5319,-0.040000000000000036
5321,2.03
5323,0.33000000000000007
5324,0.69
5325,1.75
5326,-0.25
5330,0.7899999999999999
5331,0.010000000000000009
5334,2.8899999999999997
5336,-2.5300000000000002
5339,-1.11
5340,-2.02
5344,2.73
5345,-0.74
5350,0.20999999999999996
5352,-7.300000000000001
5353,2.62
5355,2.0
5358,-1.94
5360,2.91
5361,-1.44
5362,2.8
5365,1.33
5367,1.4100000000000001
5370,-1.1500000000000001
5371,0.4900000000000002
5375,-2.35
5378,-0.67
5380,-1.27
5383,0.4700000000000001
5387,2.54
5388,7.54
5393,0.45
5396,0.56
5400,4.62
5401,-2.62
5402,0.5900000000000001
5403,0.020000000000000018
5404,0.36000000000000004
5408,1.1099999999999999
5409,-0.33000000000000007
5413,0.23000000000000004
5416,1.14
5417,2.9000000000000004
5418,-0.12
5419,2.65
5422,0.5800000000000001
5423,-0.050000000000000044
5426,3.2399999999999998
5431,-3.15
5438,1.49
5440,-2.65
5444,-2.62
5454,0.37
5457,2.55
5459,-1.51
5460,-2.1399999999999997
5461,0.19
5463,-0.72
5471,-0.8999999999999999
5476,-1.06
5477,4.44
5478,2.96
5480,-2.56
5482,2.68
5483,-1.4700000000000002
5488,-0.76
5489,-1.1800000000000002
5491,-3.94
5492,-0.6300000000000001
5493,-3.6
5494,-0.6000000000000001
5495,0.9000000000000001
5500,-0.81
5503,2.04
5505,-1.6099999999999999
5506,-0.21000000000000002
5508,3.4699999999999998
5510,-3.12
5511,-3.95
5513,3.5100000000000002
5517,1.44
5519,0.9300000000000002
5520,-0.99
5524,0.06
5525,2.52
5528,0.3600000000000001
5529,0.010000000000000009
5530,0.2699999999999999
5532,-0.75
5533,-1.53
5538,0.88
5541,0.81
5544,-0.2599999999999999
5546,-2.19
5550,-1.19
5552,-2.31
5553,2.4000000000000004
5555,-1.39
5559,-1.3499999999999999
5561,-0.56
5562,3.2800000000000002
5563,1.63
5564,0.8699999999999999
5573,-2.5
5575,0.10999999999999999
5577,-0.88
5581,0.95
5583,-1.15
5584,0.66
5587,-2.02
5590,1.6400000000000001
5595,-0.020000000000000018
5596,-0.09
5598,-2.7
5599,-0.04999999999999999
5600,-1.2
5611,-0.12
5613,0.3799999999999999
5614,0.5799999999999996
5618,-1.0699999999999998
5620,-0.4600000000000001
5624,0.55
5633,2.95
5634,-0.7
5636,1.18
5638,1.72
5640,3.02
5641,-1.5
5642,-1.26
5643,0.28
5644,-0.54
5645,-3.96
5646,0.03
5650,-0.20999999999999996
5651,-1.8
5653,-2.18
5654,1.2
5656,-2.67
5657,4.36
5660,0.6399999999999999
5663,-0.54
5665,-3.42
5666,1.2199999999999998
5672,1.65
5678,-1.21
5680,-3.7
5681,-3.71
5683,-2.05
5685,1.33
5686,-2.8800000000000003
5687,-0.76
5690,1.02
5694,0.6699999999999999
5695,-1.4300000000000002
5698,-0.55
5704,-1.0
5705,-1.29
5707,4.1
5710,4.07
5711,-0.8
5712,0.38
5713,-1.6800000000000002
5714,-0.7799999999999999
5715,0.8
5716,0.39
5718,0.88
5724,0.9700000000000001
5728,2.17
5730,0.11
5736,-0.67
5737,0.42
5739,0.9299999999999999
5740,-0.33999999999999997
5742,5.039999999999999
5743,1.9200000000000002
5748,5.07
5750,1.79
5752,3.54
5754,-3.53
5755,0.5399999999999999
5756,1.1099999999999999
5757,1.55
5758,-0.47
5762,-0.7599999999999999
5764,0.13999999999999996
5765,-1.19
5766,-0.72
5770,-0.6399999999999999
5774,4.2299999999999995
5776,0.5300000000000002
5782,-1.25
5783,-0.9500000000000001
5784,1.5899999999999999
5788,1.3499999999999999
5789,-0.03999999999999998
5792,1.31
5799,-0.78
5800,0.04999999999999982
5802,3.23
5803,0.33
5805,-1.5
5806,1.94
5822,0.8200000000000001
5826,-0.43000000000000005
5832,0.55
5834,0.66
5839,0.8099999999999999
5842,-1.3900000000000001
5846,-0.96
5847,-2.76
5848,-3.63
5852,-1.3
5860,1.62
5862,-1.62
5865,-1.9499999999999997
5869,-0.36999999999999994
5873,0.14999999999999997
5875,-1.4000000000000001
5876,-1.5699999999999998
5878,-0.12000000000000001
5879,-3.29
5886,-1.56
5888,-1.46
5890,0.44
5894,1.46
5896,0.8499999999999999
5903,1.2100000000000002
5913,3.49
5915,-0.15000000000000002
5916,-1.93
5919,-2.7
5920,-1.7400000000000002
5924,-2.54
5927,-0.6
5928,-1.02
5933,-1.9000000000000001
5935,0.04999999999999999
5940,-0.55
5942,0.6599999999999997
5945,-2.59
5952,-0.46
5953,-2.98
5955,-0.010000000000000009
5957,-3.21
5958,0.1299999999999999
5960,-3.3200000000000003
5961,-1.25
5962,-1.7200000000000002
5963,0.99
5965,0.6
5968,0.08000000000000002
5971,0.36
5976,-1.7399999999999998
5978,1.88
5982,-1.32
5987,-2.02
5988,-2.62
5990,0.73
5998,-0.03
6005,-3.1799999999999997
6006,1.2400000000000002
6008,2.44
6009,3.29
6010,-0.8200000000000001
6012,1.33
6014,-1.1300000000000001
6026,0.57
6038,0.44
6041,1.08
6042,0.38
6044,2.13
6046,-1.17
6047,-0.98
6050,0.79
6054,-1.16
6056,1.7899999999999998
6057,-1.3699999999999999
6061,-1.4
6063,0.26
6066,-0.53
6067,-1.47
6068,0.82
6073,-1.1099999999999999
6082,-3.1399999999999997
6083,-4.26
6085,-1.1
6088,1.4500000000000002
6089,-0.9099999999999999
6091,-0.21999999999999997
6092,-0.92
6094,0.6
6096,1.0
6097,0.08
6103,2.0700000000000003
6104,1.0699999999999998
6106,-2.67
6108,0.92
6111,-0.62
6117,-0.1399999999999999
6118,1.7999999999999998
6122,-3.02
6123,-1.4200000000000002
6124,1.52
6125,4.8
6126,-6.12
6127,3.16
6128,-1.52
6131,-0.91
6136,-1.06
6137,-1.73
6143,-1.0699999999999998
6144,1.46
6149,-1.69
6152,-0.020000000000000018
6153,3.32
6155,-1.55
6156,-1.9700000000000002
6165,0.04000000000000001
6167,-0.33000000000000007
6171,0.72
6175,1.1
6177,0.86
6178,-0.5599999999999999
6180,2.2800000000000002
6181,-1.1
6182,-2.25
6186,-0.41
6187,-0.98
6192,2.7600000000000002
6195,-1.1300000000000001
6196,0.63
6201,-0.4799999999999999
6205,-1.96
6206,-2.09
6210,0.39
6212,3.3400000000000003
6216,1.46
6219,-0.47000000000000003
6228,-1.42
6231,1.4900000000000002
6234,-1.5899999999999999
6235,1.7999999999999998
6238,-0.42
6241,0.52
6242,-1.0300000000000002
6246,0.96
6248,0.8600000000000001
6249,0.6300000000000001
6251,0.15
6254,1.1700000000000002
6259,1.2
6260,-0.43000000000000005
6263,-1.27
6266,0.85
6268,-0.010000000000000009
6269,1.3
6270,-1.44
6271,0.8
6272,0.9099999999999999
6276,-2.05
6277,-0.6200000000000001
6281,2.97
6285,-2.0700000000000003
6291,0.22999999999999998
6292,0.7499999999999998
6293,-1.45
6294,3.96
6304,-4.13
6308,1.56
6309,-1.27
6311,-3.13
6313,0.35
6314,1.1400000000000001
6316,-0.65
6317,-5.08
6319,3.7800000000000002
6321,-2.4
6328,-1.2
6330,0.13
6334,2.83
6336,0.9100000000000001
6337,0.26
6338,-0.19999999999999996
6344,-0.71
6345,2.0300000000000002
6346,-0.5499999999999999
6347,6.53
6351,-1.32
6352,2.73
6353,2.19
6354,-0.15999999999999998
6355,0.6599999999999999
6359,-1.2000000000000002
6361,0.22
6365,4.1499999999999995
6366,0.9899999999999999
6367,0.99
6368,0.6499999999999999
6372,6.25
6374,-0.2
6375,0.42999999999999994
6376,-0.98
6377,1.7100000000000002
6382,0.17999999999999994
6386,4.14
6389,-0.72
6391,-1.21
6392,1.3
6393,2.48
6396,-0.29000000000000004
6399,2.88
6401,-6.04
6408,1.51
6409,0.16000000000000014
6416,0.9600000000000002
6419,1.5899999999999999
6423,1.45
6425,-0.9000000000000001
6427,-1.05
6430,5.3100000000000005
6435,-1.94
6436,1.77
6437,-0.68
6438,-1.03
6440,-1.5299999999999998
6441,1.3399999999999999
6442,0.6500000000000001
6446,-1.39
6447,0.53
6448,-3.11
6450,-3.0900000000000003
6452,-3.3
6459,-0.2599999999999999
6467,-1.14
6468,-0.43999999999999995
6472,-0.71
6473,1.24
6474,6.37
6477,1.63
6478,1.17
6480,-1.0699999999999998
6482,-0.62
6483,0.52
6488,-0.18
6493,-0.55
6494,-1.35
6496,-0.37
6497,1.54
6499,-4.890000000000001
6501,-1.7599999999999998
6502,1.88
6503,-1.41
6504,0.49
6509,-1.37
6511,-1.02
6514,-1.47
6516,0.33
6518,-3.45
6519,1.0100000000000002
6520,0.9699999999999998
6523,-1.48
6525,2.75
6526,-4.25
6527,1.52
6528,1.3199999999999998
6531,-1.1
6532,-3.41
6533,0.84
6534,3.7800000000000002
6536,-2.17
6538,2.33
6540,0.41999999999999993
6543,0.57
6546,-1.92
6549,0.4600000000000002
6553,0.5300000000000001
6555,0.95
6556,-0.6499999999999999
6559,0.39999999999999997
6562,-1.5
6563,2.92
6564,-2.49
6566,-0.6300000000000001
6568,-1.52
6570,1.58
6572,-1.25
6578,2.01
6581,-2.37
6582,-0.35000000000000003
6584,0.5500000000000003
6589,2.6500000000000004
6591,2.16
6592,-2.6399999999999997
6593,1.7100000000000002
6602,1.9699999999999998
6605,-0.09000000000000008
6606,0.32
6608,-2.01
6610,-2.09
6611,2.0
6612,0.69
6613,-2.38
6614,-3.06
6615,-0.12
6616,1.06
6619,-0.5
6620,2.4200000000000004
6628,-0.5599999999999999
6629,-0.42
6632,0.88
6633,-1.0600000000000003
6636,-0.76
6638,-1.04
6639,-0.96
6643,4.24
6645,-1.39
6650,-0.6000000000000001
6651,1.34
6653,3.88
6657,-1.31
6658,1.87
6659,-0.96
6667,-0.31000000000000005
6668,0.07
6669,0.44999999999999996
6677,2.33
6682,-2.88
6683,0.76
6685,2.12
6687,2.79
6691,0.10999999999999999
6697,0.9100000000000001
6701,4.409999999999999
6707,-0.61
6709,-0.56
6718,-0.59
6723,0.6600000000000001
6724,-0.65
6725,-1.06
6732,1.3299999999999998
6735,-2.82
6737,-1.21
6738,-2.74
6743,0.6399999999999999
6746,-0.84
6748,-5.39
6750,1.79
6755,-0.15000000000000002
6762,-0.20999999999999996
6763,-1.94
6765,-0.5700000000000001
6766,3.46
6767,-0.3900000000000001
6768,-0.6300000000000001
6769,-1.9300000000000002
6777,0.7799999999999999
6778,2.09
6784,-0.53
6785,2.33
6789,-3.35
6792,-1.91
6793,-0.61
6795,1.8800000000000001
6798,1.85
6803,-2.26
6806,-0.32
6807,0.57
6808,0.67
6811,-2.23
6815,-0.5900000000000001
6819,1.22
6821,-2.3300000000000005
6822,2.08
6824,0.58
6827,-0.51
6828,-1.24
6829,1.56
6830,0.84
6831,-0.6
6833,-1.12
6834,0.30000000000000004
6838,0.97
6841,1.1400000000000001
6843,-0.42999999999999994
6845,-0.10999999999999999
6847,-2.07
6848,-0.31999999999999984
6851,0.94
6854,-0.7700000000000001
6855,-2.86
6857,-0.8599999999999999
6859,-0.7699999999999999
6860,-0.6499999999999999
6863,-0.65
6864,-1.9899999999999998
6865,-2.29
6867,-2.59
6868,-1.49
6871,-0.56
6873,2.5100000000000002
6874,1.16
6876,0.8900000000000001
6880,-0.15000000000000036
6882,2.6799999999999997
6885,-1.2400000000000002
6888,-2.76
6891,-1.42
6892,-1.1400000000000001
6893,0.45
6895,-2.32
6897,0.32000000000000006
6900,0.51
6905,0.9199999999999999
6910,1.76
6911,2.7
6913,-0.9500000000000001
6916,2.44
6917,0.020000000000000018
6918,-4.02
6919,-0.020000000000000018
6920,0.84
6923,0.83
6927,1.2
6928,-3.4099999999999997
6934,-2.16
6936,3.41
6938,-2.1799999999999997
6939,-1.38
6941,-5.22
6949,-0.85
6951,-3.31
6953,0.73
6955,0.06000000000000005
6963,-0.16999999999999993
6964,-1.9
6966,-0.65
6967,0.74
6968,-2.1500000000000004
6969,-0.9300000000000002
6970,-1.52
6971,0.98
6974,-1.1400000000000001
6975,2.52
6976,-0.97
6980,1.5399999999999998
6981,0.04
6982,1.93
6990,-0.75
6991,-0.3599999999999999
6992,3.0
7000,0.41000000000000003
7006,-0.75
7008,-0.07000000000000006
7011,1.06
7013,-1.47
7014,-0.61
7015,2.56
7016,-0.10999999999999999
7017,1.6099999999999999
7021,1.4100000000000001
7023,1.18
7024,-3.19
7026,0.09999999999999998
7027,2.35
7029,-0.32
7031,-1.18
7037,-0.6800000000000002
7039,-0.6100000000000001
7040,-0.26
7041,-1.1700000000000002
7046,0.15000000000000002
7049,0.9700000000000001
7050,1.79
7052,-1.92
7053,0.04999999999999993
7056,0.53
7060,-0.11999999999999997
7062,0.51
7076,-1.72
7083,1.76
7087,-0.8700000000000001
7089,-0.8900000000000001
7090,3.6100000000000003
7091,1.11
7092,1.6800000000000002
7096,2.26
7100,0.32
7101,-1.56
7104,0.5299999999999999
7105,-1.56
7110,-1.06
7111,-1.75
7112,-6.71
7116,1.6700000000000002
7118,1.48
7119,-3.98
7123,-0.6299999999999999
7128,-0.72
7129,-0.2699999999999999
7130,1.3300000000000003
7131,1.0
7136,-0.8999999999999999
7141,-0.24
7142,0.39
7143,0.5700000000000001
7148,-1.8000000000000003
7149,2.9699999999999998
7153,-1.79
7156,4.33
7159,1.33
7161,-1.4
7162,-3.05
7164,1.67
7165,-1.4100000000000001
7167,-1.26
7173,0.5
7176,-0.4099999999999999
7181,-1.1099999999999999
7182,0.19
7184,-1.59
7185,-1.58
7187,1.34
7193,2.28
7194,1.9799999999999998
7199,1.06
7200,-0.31999999999999995
7201,1.45
7202,0.44999999999999996
7204,4.09
7206,-0.49000000000000005
7212,-0.47000000000000003
7216,-0.20999999999999996
7217,0.8
7222,0.8899999999999999
7223,1.92
7224,-1.79
7229,-4.62
7232,1.45
7237,-4.0
7240,-2.48
7242,2.49
7243,3.7800000000000002
7244,-2.18
7246,-2.13
7247,2.4299999999999997
7251,-0.35
7252,-0.30999999999999994
7254,0.19
7256,0.5599999999999999
7258,-0.49
7262,0.22999999999999998
7265,-1.57
7272,0.3600000000000001
7274,-0.010000000000000009
7275,1.22
7276,4.88
7277,-0.1200000000000001
7283,4.93
7284,1.8399999999999999
7285,3.11
7292,0.45999999999999985
7293,-0.77
7294,-2.97
7296,0.010000000000000009
7297,0.029999999999999805
7298,-0.07
7300,-2.9899999999999998
7304,1.65
7305,0.72
7308,-1.7100000000000002
7311,-0.16999999999999998
7317,1.02
7320,2.66
7322,3.07
7323,-1.87
7333,-0.88
7334,0.35
7335,-0.19999999999999973
7337,3.5
7340,0.17000000000000037
7341,2.98
7344,-1.12
7345,1.9300000000000002
7348,-2.71
7350,-1.69
7352,0.49
7353,0.98
7356,0.18999999999999995
7357,1.25
7360,1.44
7362,-0.33
7364,0.33
7365,-1.9299999999999997
7370,-0.55
7371,-0.38
7372,-2.74
7375,1.9300000000000002
7377,3.34
7378,-0.21000000000000008
7382,1.15
7383,-0.72
7386,-2.16
7387,1.9
7392,1.06
7396,-3.26
7398,-1.67
7404,-0.1200000000000001
7408,-1.87
7410,0.51
7411,-0.12
7414,2.49
7415,2.4899999999999998
7416,-1.0799999999999998
7417,1.54
7419,-0.44999999999999996
7423,-0.09000000000000002
7428,4.63
7437,-1.1300000000000001
7438,-1.79
7439,-2.4000000000000004
7440,-0.07000000000000006
7442,-2.55
7444,-2.63
7446,-4.42
7447,0.65
7449,0.3400000000000001
7452,0.7499999999999999
7453,-0.99
7454,-1.48
7455,-0.42000000000000004
7457,-3.27
7464,1.05
7470,1.3599999999999999
7471,1.8
7473,-1.55
7475,2.79
7477,-2.75
7478,-0.33000000000000007
7481,0.04999999999999999
7485,-1.98
7489,1.5299999999999998
7490,-0.5499999999999998
7494,0.3799999999999999
7498,-0.16999999999999993
7499,-0.13999999999999996
7501,2.5300000000000002
7504,-3.33
7505,-0.87
7508,1.04
7511,-2.4699999999999998
7514,0.98
7516,-3.3499999999999996
7518,-5.75
7523,-1.9200000000000002
7524,-3.6100000000000003
7526,4.42
7529,1.74
7531,0.010000000000000009
7535,-2.79
7537,0.45999999999999996
7539,-3.59
7541,-0.020000000000000018
7542,-0.37
7543,0.39
7544,1.5299999999999998
7545,-0.029999999999999805
7546,0.25000000000000006
7547,-2.21
7548,1.46
7549,0.16000000000000003
7550,3.13
7553,-0.16999999999999998
7554,2.75
7555,1.55
7556,0.7300000000000001
7561,-2.11
7563,1.7900000000000003
7564,-1.83
7566,0.09000000000000008
7567,-2.17
7569,0.33999999999999997
7570,-2.44
7572,-0.06999999999999984
7573,3.43
7574,-2.8600000000000003
7576,-0.26
7583,0.53
7584,1.9100000000000001
7586,-0.78
7587,3.83
7589,-2.5999999999999996
7590,-5.12
7591,0.29000000000000004
7594,2.98
7597,-4.14
7603,0.53
7605,-1.4700000000000002
7606,2.41
7607,-0.32
7608,-0.72
7609,-2.12
7611,-6.869999999999999
7612,-1.0
7613,-2.74
7616,-1.81
7618,1.93
7619,1.34
7620,0.29000000000000004
7621,1.15
7622,1.23
7624,-2.6
7626,-1.04
7630,-0.06
7632,4.25
7634,0.08000000000000002
7635,0.45999999999999996
7637,-2.31
7638,3.7800000000000002
7642,-2.24
7643,2.9
7646,1.87
7647,1.32
7648,0.91
7649,-0.91
7658,-0.46
7660,-0.9199999999999999
7663,-0.4
7670,0.21000000000000002
7671,-1.31
7674,-2.2
7676,-0.42000000000000004
7678,1.4800000000000002
7680,0.06999999999999995
7681,0.9600000000000002
7682,1.3
7683,-0.75
7685,1.79
7693,-1.55
7695,-0.06999999999999984
7696,1.39
7698,-0.49
7701,-1.65
7702,0.6600000000000001
7703,-0.89
7708,1.65
7709,-7.9399999999999995
7716,-0.28
7717,-0.7599999999999999
7719,0.09000000000000002
7722,1.56
7723,-0.73
7728,-2.87
7729,1.3299999999999998
7730,-3.27
7731,-2.67
7735,-0.75
7736,0.42999999999999994
7744,2.52
7747,1.35
7748,2.11
7757,-3.37
7761,0.9600000000000002
7765,-0.040000000000000036
7766,-0.010000000000000009
7770,0.4099999999999999
7771,-1.34
7772,-0.5
7773,0.54
7780,0.30000000000000004
7784,-1.69
7785,-3.69
7788,2.85
7791,-0.6
7793,-3.04
7797,0.29000000000000004
7798,1.34
7802,-4.989999999999999
7803,-1.9
7804,-0.8900000000000001
7806,-0.9900000000000001
7807,-1.44
7812,-0.29000000000000004
7813,0.44999999999999996
7815,0.86
7821,-1.16
7822,0.10000000000000009
7826,0.14999999999999997
7835,3.15
7836,-1.0799999999999998
7838,-2.26
7839,0.8899999999999999
7844,2.45
7845,-1.44
7851,-5.75
7852,1.6
7853,-1.17
7854,-1.93
7861,-2.9899999999999998
7865,-3.29
7870,1.1300000000000001
7871,-0.54
7873,-0.28
7877,1.15
7880,0.3799999999999999
7881,-0.010000000000000009
7882,-0.27
7883,-0.26
7884,1.7000000000000002
7886,0.49
7887,0.6
7888,0.71
7889,-2.0700000000000003
7892,0.96
7893,-3.7800000000000002
7898,0.17000000000000004
7901,-0.13
7902,-1.58
7903,-3.58
7904,0.41999999999999993
7905,1.13
7908,0.9500000000000001
7911,0.33999999999999997
7912,0.6300000000000001
7915,0.26
7918,0.09000000000000008
7919,1.1300000000000001
7921,-2.4699999999999998
7922,-2.3
7929,2.17
7930,-1.85
7932,-0.6
7933,-1.08
7935,2.44
7936,-1.71
7939,-1.6600000000000001
7942,-1.67
7944,-1.52
7945,-0.53
7946,3.5300000000000002
7947,0.3
7949,3.91
7951,-2.42
7952,1.3699999999999999
7953,0.7
7958,1.72
7967,-0.3900000000000001
7970,-2.96
7971,0.44999999999999996
7972,-1.96
7974,1.4
7975,-1.9900000000000002
7976,-1.06
7978,-0.15000000000000002
7981,-0.8999999999999999
7983,-3.01
7985,-2.99
7986,-1.0699999999999998
7988,-3.84
7990,-0.16999999999999993
7991,-1.12
7992,1.64
7995,-0.6499999999999999
7997,-1.0699999999999998
7998,-1.66
8000,-3.4
8001,-2.04
8004,-0.04999999999999999
8005,-1.4
8009,0.47000000000000003
8011,1.51
8014,-2.78
8015,-0.5
8016,0.55
8017,0.10000000000000009
8018,-1.76
8024,-3.0
8030,-2.62
8033,0.30000000000000004
8034,-2.36
8036,-2.56
8038,1.0
8040,-0.65
8043,1.49
8044,-3.1999999999999997
8045,-1.2999999999999998
8046,2.2399999999999998
8047,5.66
8049,-0.060000000000000026
8053,3.4299999999999997
8056,1.5699999999999998
8062,-4.11
8064,0.04000000000000001
8065,-0.65
8067,0.09000000000000008
8069,-2.95
8073,-0.08000000000000002
8077,3.28
8078,-1.11
8080,0.29
8084,-3.5300000000000002
8086,1.25
8087,-0.77
8089,-0.42
8093,0.44000000000000017
8097,1.5999999999999999
8099,0.49000000000000005
8100,-1.21
8108,-1.2799999999999998
8109,-0.33999999999999986
8112,0.5799999999999998
8113,0.8799999999999999
8116,-2.01
8117,0.88
8125,-0.05
8127,-1.75
8133,1.82
8134,-0.89
8135,-2.36
8136,-1.6300000000000003
8139,-1.65
8143,0.63
8147,-0.19
8148,-3.02
8149,-1.8900000000000001
8152,0.2
8154,0.1299999999999999
8157,-3.75
8160,-1.56
8161,0.69
8164,-2.83
8176,-0.38
8177,-0.34
8178,3.22
8182,-1.81
8185,-0.74
8187,-0.63
8188,0.76
8191,0.89
8193,0.06999999999999984
8194,1.1599999999999997
8195,1.94
8198,-0.21999999999999997
8201,1.95
8202,0.030000000000000027
8203,2.32
8204,1.09
8206,-1.81
8209,-3.29
8212,-1.7600000000000002
8213,-0.06
8214,2.15
8216,-2.09
8217,3.7
8222,-1.27
8224,0.07999999999999985
8225,3.7399999999999998
8227,0.8099999999999998
8228,-0.24
8232,-1.5
8235,1.97
8238,1.13
8243,0.010000000000000009
8244,-0.39999999999999997
8245,-0.7100000000000001
8248,2.46
8251,-1.46
8252,-2.45
8260,3.02
8261,-8.870000000000001
8262,4.04
8264,-0.20999999999999996
8265,-0.61
8271,-1.63
8273,-1.08
8275,-1.56
8276,-3.12
8278,0.03
8279,-0.33999999999999986
8283,-1.76
8284,2.03
8286,-0.53
8287,0.8
8288,-0.53
8293,-2.32
8294,-0.54
8297,-1.2499999999999998
8298,3.12
8302,1.25
8303,-2.55
8305,2.08
8308,0.33000000000000007
8316,-0.9400000000000001
8322,-0.81
8324,-0.9099999999999999
8325,-0.53
8327,-0.26
8335,-3.15
8336,1.05
8339,2.3200000000000003
8340,3.89
8341,-1.12
8345,-0.3500000000000001
8347,2.1
8353,0.55
8356,1.42
8357,1.18
8359,4.21
8361,0.6
8371,-0.85
8382,4.16
8383,2.4000000000000004
8384,-1.48
8388,1.49
8389,-0.46999999999999975
8390,0.21000000000000002
8392,0.49
8393,-5.93
8394,-1.39
8396,0.30999999999999994
8399,2.18
8400,-1.0599999999999998
8401,0.9299999999999999
8402,2.76
8405,-1.94
8406,-1.6800000000000002
8407,0.75
8409,3.53
8414,0.92
8420,-0.33
8423,1.79
8424,1.8
8427,4.17
8429,-0.19999999999999996
8435,0.19999999999999996
8437,0.18
8438,0.49
8439,-3.33
8440,-1.4500000000000002
8441,1.58
8443,1.21
8444,-0.040000000000000036
8447,-0.41000000000000003
8448,0.42
8453,0.61
8458,-0.42000000000000004
8461,-1.73
8462,1.56
8463,1.2
8464,4.04
8472,0.9299999999999999
8474,1.3900000000000001
8477,2.45
8479,2.68
8481,-0.15
8487,1.3800000000000001
8491,-1.73
8492,-3.37
8496,2.74
8502,-1.95
8503,2.25
8504,-0.5800000000000001
8505,-2.92
8506,0.91
8507,-1.7999999999999998
8508,-6.25
8509,1.6
8510,-2.4800000000000004
8513,2.29
8514,1.32
8525,3.26
8526,0.27
8528,2.42
8529,0.95
8532,-1.7
8534,-1.88
8536,4.07
8541,-1.64
8547,0.31999999999999984
8549,-0.5
8550,1.05
8551,1.92
8553,6.4799999999999995
8556,-0.76
8560,1.13
8562,-1.0899999999999999
8563,2.91
8565,2.3
8566,-0.28
8567,0.17000000000000015
8569,2.16
8570,-3.1399999999999997
8574,1.4
8579,-1.01
8581,-0.12
8583,-2.0700000000000003
8588,0.2499999999999999
8591,3.68
8592,1.69
8596,1.57
8601,0.5
8602,0.06000000000000005
8607,-1.3099999999999998
8608,-1.27
8609,0.2699999999999999
8610,0.09999999999999998
8612,1.38
8618,0.24
8625,-4.3100000000000005
8626,1.3699999999999999
8628,0.06
8630,-1.35
8634,2.65
8635,0.6499999999999999
8638,-0.06
8647,1.82
8649,-0.8599999999999999
8653,-0.55
8659,1.2
8664,-0.07999999999999996
8676,0.06999999999999984
8677,4.289999999999999
8680,-0.5399999999999999
8684,1.06
8686,-0.2899999999999998
8687,3.37
8689,1.5899999999999999
8692,-0.16999999999999998
8694,-1.22
8696,-1.01
8698,1.0899999999999999
8699,2.41
8700,-1.07
8702,1.35
8704,-1.2399999999999998
8707,1.12
8708,-0.04999999999999999
8709,-0.95
8713,0.03
8714,0.8700000000000001
8716,-1.08
8718,2.3200000000000003
8720,-0.55
8721,-0.98
8722,-0.79
8723,-0.3
8725,-1.27
8726,2.5999999999999996
8727,-0.05999999999999994
8728,-2.36
8730,-0.17999999999999994
8735,-1.26
8739,0.33
8740,1.6199999999999999
8741,1.73
8742,-2.21
8743,-1.06
8744,1.3299999999999998
8745,1.04
8753,0.4
8755,-0.9500000000000002
8756,-0.51
8760,1.48
8763,-0.78
8770,0.35
8772,0.12
8778,-2.78
8781,-0.3900000000000001
8785,1.25
8791,0.4
8792,2.6399999999999997
8793,1.9699999999999998
8798,4.87
8799,-0.050000000000000044
8800,-2.08
8801,-1.6300000000000003
8803,-1.49
8806,0.8200000000000001
8807,0.07999999999999996
8808,-0.16999999999999998
8812,0.09000000000000008
8813,3.65
8815,1.23
8816,0.14
8817,-2.55
8818,-5.49
8820,-1.04
8821,5.2
8824,3.2800000000000002
8825,-0.09999999999999998
8826,0.8600000000000001
8827,-0.55
8830,-1.3900000000000001
8832,0.9200000000000002
8833,-1.6600000000000001
8836,0.72
8837,-0.2
8840,1.5699999999999998
8841,-0.16999999999999993
8844,1.33
8853,-0.31
8855,-0.9999999999999999
8858,-1.4500000000000002
8863,1.9
8865,2.7600000000000002
8870,0.8300000000000001
8871,0.8300000000000001
8878,0.36
8879,-3.48
8880,0.040000000000000036
8886,-2.4
8890,-1.32
8892,-2.59
8893,0.48
8900,-2.39
8901,1.68
8902,-1.12
8903,-1.29
8905,2.97
8906,1.79
8907,0.6199999999999999
8910,1.49
8915,-0.10000000000000009
8917,2.87
8918,-1.3
8919,0.36
8920,-2.75
8921,2.21
8925,-5.720000000000001
8927,0.56
8928,-0.25
8930,-1.1400000000000001
8935,0.010000000000000009
8936,0.71
8937,0.5900000000000001
8939,0.030000000000000027
8940,1.27
8941,2.9
8942,0.3599999999999999
8944,1.1
8945,-0.12999999999999998
8946,-2.3200000000000003
8950,1.5
8953,-2.1999999999999997
8955,5.17
8956,-0.8999999999999999
8957,0.26
8968,-2.8200000000000003
8969,-0.13000000000000012
8973,0.41000000000000003
8975,0.49
8977,0.3600000000000001
8979,1.64
8981,2.7199999999999998
8982,0.050000000000000044
8983,0.96
8986,-1.71
8987,0.29
8988,1.02
8990,0.4
8993,1.13
8994,-1.05
8995,1.02
8998,1.8699999999999997
8999,-2.15
9000,-0.42000000000000004
9002,-5.2
9005,-1.0
9011,0.89
9013,-1.8
9015,0.9199999999999999
9019,-1.22
9021,3.97
9023,-1.9700000000000002
9027,1.14
9033,-0.21
9036,5.66
9037,2.83
9043,-0.13
9046,-2.77
9048,-3.6999999999999997
9049,-1.6300000000000001
9053,0.37
9054,-1.45
9058,-2.31
9060,1.7
9065,4.02
9066,-0.51
9067,0.59
9070,-0.3999999999999999
9071,3.91
9072,0.32000000000000006
9074,1.72
9077,0.6699999999999999
9081,1.4100000000000001
9084,2.79
9086,-0.24
9088,3.93
9090,1.58
9091,-1.02
9095,0.07000000000000028
9099,0.27
9103,-2.83
9104,1.3499999999999999
9105,-0.22000000000000003
9106,0.52
9108,-2.16
9111,-0.75
9112,-4.01
9115,-3.25
9119,1.1
9122,1.23
9125,1.4
9128,-0.46999999999999975
9130,4.87
9133,-1.98
9134,-2.2399999999999998
9137,2.16
9139,1.06
9140,0.15999999999999992
9143,0.52
9144,2.32
9148,0.64
9149,0.97
9151,0.22999999999999998
9155,-1.77
9157,0.55
9158,-3.6499999999999995
9159,2.21
9162,2.59
9163,0.4600000000000001
9164,0.36
9170,1.68
9172,0.22000000000000003
9174,0.79
9178,-1.43
9182,4.99
9186,3.33
9188,-0.27
9189,-4.21
9192,0.19000000000000017
9193,2.3600000000000003
9194,1.24
9198,3.84
9200,1.18
9202,-0.5
9203,1.54
9215,1.8899999999999997
9216,-0.58
9227,-0.06000000000000005
9228,0.41
9230,3.7
9234,1.12
9236,2.92
9240,1.69
9241,-0.18999999999999995
9242,-4.49
9248,0.21999999999999997
9249,-1.9400000000000002
9252,-1.05
9256,1.24
9258,1.2
9259,-0.24
9261,1.05
9263,-1.1600000000000001
9266,-1.04
9267,0.49
9269,1.23
9273,-1.2
9275,5.03
9277,-0.69
9279,-0.3500000000000001
9280,1.06
9283,0.5
9284,0.46
9288,2.06
9289,2.05
9292,-0.52
9293,1.0699999999999998
9294,0.74
9295,-2.31
9299,0.41999999999999993
9307,-8.11
9313,1.56
9314,0.16999999999999993
9315,-5.24
9317,2.4299999999999997
9318,-1.38
9320,1.53
9321,-1.5499999999999998
9322,0.17000000000000015
9323,-3.4399999999999995
9324,-2.55
9325,1.6700000000000002
9337,-0.92
9338,0.08000000000000002
9341,0.32
9347,-2.02
9349,-1.98
9350,1.04
9351,0.5700000000000001
9357,1.54
9358,0.050000000000000044
9361,-1.66
9363,-0.18000000000000005
9364,3.44
9370,1.6
9374,0.04
9377,-0.9400000000000001
9378,-4.41
9386,-1.22
9387,-0.33
9399,-3.38
9403,-0.039999999999999925
9404,-1.58
9407,-0.15999999999999992
9408,-2.31
9409,1.5499999999999998
9410,-0.5299999999999999
9416,-0.64
9417,0.43
9419,-3.0999999999999996
9420,-6.13
9424,2.3200000000000003
9425,0.009999999999999898
9427,0.1100000000000001
9434,0.32999999999999996
9435,-0.16
9437,-0.31000000000000005
9438,1.01
9439,-1.13
9444,1.16
9448,-0.14
9458,1.3499999999999999
9461,0.5499999999999999
9462,-1.4
9463,0.54
9464,1.43
9466,-1.94
9470,2.23
9471,1.8599999999999999
9472,0.8900000000000001
9478,0.26
9483,1.8299999999999998
9487,0.26
9493,-1.37
9495,1.9000000000000004
9500,0.73
9503,-1.5499999999999998
9504,-0.48
9505,-3.9400000000000004
9510,0.21999999999999997
9511,-0.6299999999999999
9516,-0.6100000000000001
9517,2.66
9521,-0.22999999999999998
9522,1.0899999999999999
9524,-1.31
9526,-1.5899999999999999
9530,-2.96
9531,-0.48
9534,-3.8000000000000003
9536,2.5700000000000003
9539,0.26999999999999996
9540,-2.64
9547,0.44999999999999996
9555,-0.08000000000000007
9558,-0.3899999999999999
9559,-1.1099999999999999
9560,0.8900000000000001
9561,0.5999999999999999
9562,-1.4000000000000001
9563,-1.94
9566,0.55
9570,0.77
9572,-0.55
9573,2.38
9574,-0.24000000000000002
9576,-1.64
9581,2.06
9585,-0.37000000000000005
9586,-1.5
9589,-1.08
9590,0.9099999999999999
9593,2.3899999999999997
9594,3.26
9595,1.66
9596,-1.46
9597,0.040000000000000036
9600,1.07
9601,-1.5
9602,1.5499999999999998
9603,0.42
9604,0.5700000000000001
9607,1.23
9608,-0.5199999999999999
9609,2.7
9612,0.23000000000000004
9614,1.0
9618,-1.2599999999999998
9619,1.1800000000000002
9622,2.36
9626,-0.43999999999999995
9627,0.22999999999999998
9628,-7.53
9629,-1.1400000000000001
9630,2.3200000000000003
9631,2.33
9632,2.5599999999999996
9633,0.62
9634,-2.4699999999999998
9636,-0.51
9637,1.3199999999999998
9639,-2.8499999999999996
9642,-1.32
9644,-0.9900000000000001
9646,3.0500000000000003
9660,4.8500000000000005
9664,-0.5800000000000001
9668,0.2499999999999999
9673,0.29
9675,-0.15000000000000002
9679,0.98
9681,1.3
9682,-0.99
9683,-0.3699999999999999
9685,-2.08
9686,1.5699999999999998
9688,0.26
9691,0.84
9692,0.98
9693,2.26
9694,0.61
9695,0.49000000000000005
9697,0.84
9698,1.24
9700,2.0700000000000003
9701,4.930000000000001
9702,0.20999999999999996
9719,-2.7800000000000002
9722,3.0100000000000002
9723,-5.880000000000001
9725,-0.32999999999999996
9726,0.22
9740,0.9000000000000001
9743,0.6299999999999999
9747,-2.02
9749,-0.97
9750,-3.03
9752,0.41000000000000014
9754,-0.49
9758,1.71
9759,1.23
9768,1.6
9773,1.4
9775,-2.18
9779,-0.74
9780,5.65
9783,0.31999999999999995
9784,0.43000000000000016
9791,2.62
9792,1.09
9794,-0.08000000000000002
9800,0.06999999999999999
9801,0.3999999999999997
9802,-1.1400000000000001
9803,-0.96
9807,-0.10999999999999999
9814,-0.41999999999999993
9815,-0.54
9816,-1.08
9819,0.86
9821,2.6399999999999997
9822,-0.5999999999999999
9823,-0.26
9828,0.10000000000000009
9831,-0.3699999999999999
9837,-0.4099999999999999
9839,-1.07
9840,2.66
9843,-1.73
9845,-0.52
9847,-2.69
9848,1.1
9849,-1.34
9853,-0.88
9854,-1.09
9855,-2.88
9856,-3.3600000000000003
9861,2.38
9862,-0.6
9870,0.4
9871,0.47
9873,-1.22
9874,-1.43
9875,-2.67
9876,1.86
9882,-1.03
9886,-0.48
9888,-1.27
9890,0.15000000000000002
9891,1.5899999999999999
9892,1.31
9895,-1.06
9896,-1.75
9897,-2.0
9898,-0.65
9900,-2.59
9903,-0.6499999999999999
9904,0.6
9905,-2.5300000000000002
9909,-2.4000000000000004
9915,2.01
9918,-0.45999999999999996
9920,2.81
9922,0.24
9925,1.24
9933,1.08
9934,-0.58
9936,-0.8
9940,-0.18
9942,-1.34
9943,4.01
9946,0.08999999999999997
9953,0.2100000000000002
9955,-0.65
9956,0.8999999999999999
9958,0.050000000000000044
9959,-0.77
9960,1.52
9962,0.74
9965,1.89
9967,-4.43
9973,1.1
9979,2.26
9980,-1.17
9981,-0.72
9982,0.9600000000000002
9983,0.2
9984,0.5800000000000001
9985,-1.3599999999999999
9986,0.8800000000000001
9987,-1.4999999999999998
9988,1.62
9991,-1.1800000000000002
9998,-2.5700000000000003
9999,1.1400000000000001
10000,-0.3999999999999999
10002,2.22
10008,2.51
10015,-0.2699999999999999
10016,-0.1200000000000001
10018,-3.99
10024,0.9700000000000001
10026,0.68
10029,0.31
10033,0.45999999999999996
10040,1.24
10042,1.41
10045,0.4
10046,-1.69
10047,-0.37
10048,-1.5399999999999998
10049,0.6699999999999999
10050,1.8299999999999998
10053,-0.87
10054,0.07
10056,-0.33000000000000007
10057,1.4500000000000002
10064,-1.85
10066,2.46
10067,2.49
10068,-2.92
10071,3.8000000000000003
10072,-2.58
10073,-2.5999999999999996
10075,-2.08
10077,0.10999999999999999
10078,-0.22999999999999998
10081,0.57
10082,0.3500000000000001
10088,-1.4900000000000002
10089,1.17
10093,1.8
10094,3.13
10098,1.83
10100,0.52
10102,0.31
10104,-0.55
10106,-0.050000000000000044
10108,-3.19
10111,0.37
10112,0.38000000000000006
10113,0.36
10118,-3.63
10123,-0.7999999999999999
10126,0.15000000000000002
10130,0.49
10135,-4.9
10136,0.3099999999999996
10138,-2.15
10142,2.15
10147,-2.15
10152,1.78
10154,-0.98
10157,0.57
10161,1.38
10163,1.6
10164,0.53
10166,-3.42
10169,-6.210000000000001
10175,-0.06999999999999995
10177,-0.77
10180,1.79
10181,-0.62
10186,0.13999999999999999
10188,2.91
10191,5.23
10192,1.25
10200,0.7699999999999998
10211,2.76
10212,1.56
10213,0.21000000000000002
10216,-0.56
10217,-0.31999999999999995
10219,-1.04
10223,-1.77
10224,0.8700000000000001
10228,0.8999999999999999
10230,3.29
10233,-1.09
10240,0.8599999999999999
10241,-3.35
10242,-0.27
10244,0.34999999999999987
10245,-1.32
10246,1.71
10249,-1.24
10252,0.08999999999999997
10254,1.1199999999999999
10261,-0.54
10262,-0.33
10263,-0.65
10264,-1.12
10265,-1.27
10266,-0.38
10269,1.11
10273,3.17
10274,-0.71
10276,-0.32999999999999996
10277,1.93
10279,-1.56
10281,-0.1200000000000001
10282,-0.48
10284,-0.9700000000000001
10285,2.4699999999999998
10286,-4.409999999999999
10287,0.75
10291,0.51
10293,-1.12
10294,6.84
10297,-1.63
10301,0.020000000000000018
10305,-5.380000000000001
10306,-1.5000000000000002
10307,0.12
10310,-1.71
10311,0.38
10312,0.75
10314,-3.16
10319,1.04
10321,-1.45
10322,4.29
10327,-1.4700000000000002
10328,-0.16000000000000003
10330,1.7
10332,1.49
10334,-0.26
10335,5.49
10337,1.4400000000000002
10342,0.6400000000000001
10345,-1.2799999999999998
10346,-2.2
10349,-0.4099999999999999
10350,-2.06
10351,-2.06
10352,-0.55
10353,-1.4100000000000001
10354,1.9300000000000002
10358,-0.49
10359,1.81
10360,0.8
10361,0.6
10365,-0.72
10373,-3.19
10374,-2.06
10375,-0.11
10376,-1.23
10377,-0.9299999999999999
10378,0.2300000000000001
10379,-2.52
10383,1.17
10384,-1.9099999999999997
10396,-0.5
10399,-0.33
10405,-0.86
10407,-1.0599999999999998
10408,-0.5900000000000001
10409,-2.23
10410,-2.73
10411,1.3699999999999999
10412,1.5
10414,-0.6199999999999999
10415,-0.46
10416,0.96
10419,2.5900000000000003
10420,-1.64
10421,1.64
10423,-0.22
10426,-1.61
10429,0.17000000000000004
10430,-1.29
10435,-2.55
10439,-3.51
10449,0.08000000000000007
10451,1.45
10455,0.27
10456,-3.1399999999999997
10468,-0.56
10471,-1.83
10472,1.63
10476,1.25
10478,-0.91
10479,-1.63
10480,0.05000000000000002
10481,1.5199999999999998
10482,-0.009999999999999953
10485,-0.37
10487,0.55
10489,-1.5
10491,0.46
10494,-4.65
10495,-1.22
10501,-2.6100000000000003
10503,0.97
10508,-3.4699999999999998
10509,-0.51
10512,-0.18
10513,-3.6300000000000003
10514,-1.67
10516,-1.6
10517,0.6000000000000001
10519,-3.3200000000000003
10522,-1.26
10525,0.10999999999999999
10526,-1.5899999999999999
10534,0.95
10537,1.15
10539,0.03
10540,-0.39999999999999997
10544,0.75
10545,-0.94
10546,-2.2
10547,2.03
10548,-0.31
10550,1.24
10551,0.48999999999999994
10552,1.7899999999999998
10554,0.99
10561,-1.8199999999999998
10562,2.6700000000000004
10565,0.49
10566,4.38
10567,0.25
10568,-1.9
10569,-0.07
10570,0.26
10571,-0.21000000000000002
10572,0.6099999999999999
10574,-1.01
10576,2.98
10580,1.49
10583,-0.26
10588,1.33
10592,0.16999999999999993
10593,2.1
10597,1.0399999999999998
10599,-0.27
10600,1.06
10602,0.7399999999999999
10603,1.15
10609,3.58
10610,-2.08
10611,-0.66
10613,-1.77
10619,-1.0
10621,2.3499999999999996
10622,0.74
10623,1.26
10626,3.26
10627,-0.040000000000000036
10629,2.8600000000000003
10630,1.82
10633,-2.17
10639,0.66
10640,-0.26
10646,3.03
10649,-1.52
10651,-1.05
10652,-0.77
10653,-2.0
10657,0.53
10659,1.3
10660,-0.20999999999999996
10662,-0.18
10667,-2.0500000000000003
10670,-3.9800000000000004
10672,0.21000000000000002
10673,-0.51
10674,-1.6099999999999999
10675,1.38
10677,-0.9000000000000001
10679,1.53
10680,1.87
10681,-0.14000000000000007
10686,0.03
10687,-0.17999999999999994
10689,0.52
10693,-3.7399999999999998
10694,0.27
10696,4.109999999999999
10699,-0.02999999999999997
10700,0.13
10703,-4.42
10704,1.97
10706,-1.4500000000000002
10707,2.29
10709,1.96
10711,-0.8400000000000001
10712,0.8299999999999998
10713,-0.6499999999999999
10714,-3.6100000000000003
10716,1.9
10718,-0.7000000000000002
10722,-1.53
10731,-1.53
10732,-0.47000000000000003
10733,0.6599999999999999
10734,-3.07
10738,-0.9299999999999999
10739,0.29000000000000004
10747,0.10000000000000009
10748,-0.11000000000000004
10749,0.89
10751,4.59
10752,0.14000000000000012
10753,-0.74
10754,2.58
10756,0.3899999999999999
10761,1.2699999999999998
10768,1.1199999999999999
10769,1.0499999999999998
10772,-1.03
10773,2.33
10774,1.81
10778,-0.48
10779,-0.24
10780,2.4000000000000004
10783,0.19999999999999996
10785,-2.17
10789,-0.9700000000000002
10790,-0.29000000000000004
10792,0.41000000000000003
10800,-0.98
10802,0.71
10810,-0.15000000000000002
10817,-0.72
10819,-2.37
10820,-0.87
10822,0.030000000000000027
10823,1.3599999999999999
10824,-1.4300000000000002
10830,-0.2899999999999999
10831,0.20000000000000007
10836,-1.4300000000000002
10837,1.8499999999999999
10838,-3.29
10841,-1.28
10843,-1.2600000000000002
10844,1.01
10847,0.21000000000000008
10848,-1.2
10852,-1.2
10853,2.5700000000000003
10856,-0.57
10857,1.63
10858,-0.53
10864,-0.48
10867,0.20999999999999996
10871,-0.31999999999999995
10874,2.57
10876,1.14
10878,-2.19
10882,0.08999999999999997
10885,2.16
10888,0.009999999999999953
10889,-1.86
10892,-1.35
10898,-1.45
10899,0.51
10900,0.95
10907,-0.31000000000000005
10909,-1.3900000000000001
10914,0.6
10918,2.34
10920,2.76
10921,-1.5899999999999999
10923,-0.8400000000000001
10924,0.57
10928,-2.37
10933,-2.6100000000000003
10935,-1.38
10936,2.0700000000000003
10940,0.15999999999999998
10945,1.79
10952,2.18
10957,-1.27
10959,-0.7000000000000001
10960,-0.28
10962,-0.35000000000000003
10963,3.1
10964,1.0
10966,1.7700000000000002
10968,1.25
10971,0.8200000000000001
10973,-2.54
10978,0.6800000000000002
10982,1.34
10988,5.85
10989,0.020000000000000018
10998,0.71
11001,-0.30999999999999994
11008,-0.10999999999999999
11011,0.7
11015,-4.59
11016,-1.68
11018,-0.5800000000000001
11020,0.48
11025,0.6699999999999999
11026,1.63
11028,2.3699999999999997
11033,-5.489999999999999
11036,-3.12
11041,2.1
11042,0.9500000000000001
11049,-0.08999999999999997
11052,-1.43
11058,3.69
11062,1.06
11063,1.15
11065,2.63
11070,2.3600000000000003
11071,-0.3899999999999999
11075,-0.9299999999999999
11077,1.65
11079,6.790000000000001
11083,1.1400000000000001
11085,3.82
11093,1.29
11094,0.37
11099,-2.21
11100,-2.19
11105,-2.02
11106,0.7
11110,-0.11999999999999988
11114,-0.95
11118,-0.6599999999999999
11120,-2.96
11122,0.35000000000000003
11131,-2.04
11132,2.41
11133,-0.6399999999999997
11136,-0.42000000000000004
11139,1.69
11140,-3.92
11141,-0.52
